<?xml version="1.0" encoding="UTF-8"?>
<project-private xmlns="http://www.netbeans.org/ns/project-private/1">
    <editor-bookmarks xmlns="http://www.netbeans.org/ns/editor-bookmarks/1"/>
    <editor-bookmarks xmlns="http://www.netbeans.org/ns/editor-bookmarks/2" lastBookmarkId="0"/>
    <open-files xmlns="http://www.netbeans.org/ns/projectui-open-files/2">
        <group>
            <file>file:/home/junio/Área%20de%20Trabalho/temp/Aula05-Codigo/Java/Desempilhamento/src/desempilhamento/Auxiliar.java</file>
            <file>file:/home/junio/Área%20de%20Trabalho/temp/Aula05-Codigo/Java/Desempilhamento/src/desempilhamento/Main.java</file>
        </group>
    </open-files>
</project-private>
