<?xml version="1.0" encoding="UTF-8"?>
<project-private xmlns="http://www.netbeans.org/ns/project-private/1">
    <editor-bookmarks xmlns="http://www.netbeans.org/ns/editor-bookmarks/2" lastBookmarkId="0"/>
    <open-files xmlns="http://www.netbeans.org/ns/projectui-open-files/2">
        <group>
            <file>file:/C:/Ju/USP/@Disciplinas/@POO/Aulas/Aula07-padroes-de-design/Aula11-Codigo/FactoryMethod/src/factorymethod/SpecialStringSegunda.java</file>
            <file>file:/C:/Ju/USP/@Disciplinas/@POO/Aulas/Aula07-padroes-de-design/Aula11-Codigo/FactoryMethod/src/factorymethod/Main.java</file>
            <file>file:/C:/Ju/USP/@Disciplinas/@POO/Aulas/Aula07-padroes-de-design/Aula11-Codigo/FactoryMethod/src/factorymethod/SpecialStringSexta.java</file>
            <file>file:/C:/Ju/USP/@Disciplinas/@POO/Aulas/Aula07-padroes-de-design/Aula11-Codigo/FactoryMethod/src/factorymethod/Sexta.java</file>
            <file>file:/C:/Ju/USP/@Disciplinas/@POO/Aulas/Aula07-padroes-de-design/Aula11-Codigo/FactoryMethod/src/factorymethod/DiaDaSemana.java</file>
            <file>file:/C:/Ju/USP/@Disciplinas/@POO/Aulas/Aula07-padroes-de-design/Aula11-Codigo/FactoryMethod/src/factorymethod/Segunda.java</file>
            <file>file:/C:/Ju/USP/@Disciplinas/@POO/Aulas/Aula07-padroes-de-design/Aula11-Codigo/FactoryMethod/src/factorymethod/Descricao.java</file>
        </group>
    </open-files>
</project-private>
